INSERT INTO driverstown.dealerships 
(dealership_id, name, address, phone) 
VALUES
(1, 'Speedy Motors', '123 Fast Lane, Phoenix, AZ', '602-555-0123'),
(2, 'Sunset Auto Group', '456 Sunset Blvd, Los Angeles, CA', '310-555-0456'),
(3, 'Mountain Drive', '789 Ridge Rd, Denver, CO', '720-555-0789'),
(4, 'Lakeside Cars', '321 Lakeview Dr, Minneapolis, MN', '612-555-0321'),
(5, 'Urban Wheels', '654 City Center Ave, Chicago, IL', '312-555-0654'),
(6, 'Southern Rides', '987 Magnolia St, Atlanta, GA', '404-555-0987'),
(7, 'Coastal Auto Sales', '159 Ocean View Rd, Miami, FL', '305-555-0159'),
(8, 'Highway Auto Mart', '753 Interstate Way, Dallas, TX', '214-555-0753'),
(9, 'Capital Cars', '951 Capitol Hill Blvd, Washington, DC', '202-555-0951'),
(10, 'Rust Belt Motors', '369 Steel St, Detroit, MI', '313-555-0369'),
(11, 'Golden Drive', '132 Sunset Dr, San Francisco, CA', '415-555-1132'),
(12, 'Northern Wheels', '764 Maple Ave, Seattle, WA', '206-555-0764'),
(13, 'Western Auto Group', '841 Oak St, Portland, OR', '503-555-0841'),
(14, 'Eastern Motors', '327 Broadway, Boston, MA', '617-555-0327'),
(15, 'Premier Vehicles', '468 Main St, Orlando, FL', '407-555-0468'),
(16, 'Elite Auto Sales', '554 Pine Ave, Austin, TX', '512-555-0554'),
(17, 'Metro Drive', '109 Ridge Rd, Nashville, TN', '615-555-0109'),
(18, 'Valley Cars', '623 Lakeview Dr, Cleveland, OH', '216-555-0623'),
(19, 'Summit Rides', '284 Ocean View Rd, Las Vegas, NV', '702-555-0284'),
(20, 'Pine Motors', '445 Magnolia St, Houston, TX', '713-555-0445'),
(21, 'Speedy Auto Group', '100 Main St, Phoenix, AZ', '602-555-0100'),
(22, 'Sunset Wheels', '200 Sunset Blvd, Los Angeles, CA', '310-555-0200'),
(23, 'Mountain Motors', '300 Ridge Rd, Denver, CO', '720-555-0300'),
(24, 'Lakeside Auto Sales', '400 Lakeview Dr, Minneapolis, MN', '612-555-0400'),
(25, 'Urban Motors', '500 City Center Ave, Chicago, IL', '312-555-0500'),
(26, 'Southern Auto Mart', '600 Magnolia St, Atlanta, GA', '404-555-0600'),
(27, 'Coastal Cars', '700 Ocean View Rd, Miami, FL', '305-555-0700'),
(28, 'Highway Rides', '800 Interstate Way, Dallas, TX', '214-555-0800'),
(29, 'Capital Auto Group', '900 Capitol Hill Blvd, Washington, DC', '202-555-0900'),
(30, 'Rust Belt Rides', '1000 Steel St, Detroit, MI', '313-555-1000'),
(31, 'Golden Auto Sales', '111 Main St, San Francisco, CA', '415-555-1111'),
(32, 'Northern Drive', '222 Maple Ave, Seattle, WA', '206-555-2222'),
(33, 'Western Motors', '333 Oak St, Portland, OR', '503-555-3333'),
(34, 'Eastern Wheels', '444 Broadway, Boston, MA', '617-555-4444'),
(35, 'Premier Drive', '555 Main St, Orlando, FL', '407-555-5555'),
(36, 'Elite Cars', '666 Pine Ave, Austin, TX', '512-555-6666'),
(37, 'Metro Vehicles', '777 Ridge Rd, Nashville, TN', '615-555-7777'),
(38, 'Valley Motors', '888 Lakeview Dr, Cleveland, OH', '216-555-8888'),
(39, 'Summit Drive', '999 Ocean View Rd, Las Vegas, NV', '702-555-9999'),
(40, 'Pine Auto Group', '101 Magnolia St, Houston, TX', '713-555-1010'),
(41, 'Speedy Cars', '102 Fast Lane, Phoenix, AZ', '602-555-1020'),
(42, 'Sunset Dealers', '103 Sunset Blvd, Los Angeles, CA', '310-555-1030'),
(43, 'Mountain Auto Group', '104 Ridge Rd, Denver, CO', '720-555-1040'),
(44, 'Lakeside Rides', '105 Lakeview Dr, Minneapolis, MN', '612-555-1050'),
(45, 'Urban Auto Sales', '106 City Center Ave, Chicago, IL', '312-555-1060'),
(46, 'Southern Vehicles', '107 Magnolia St, Atlanta, GA', '404-555-1070'),
(47, 'Coastal Motors', '108 Ocean View Rd, Miami, FL', '305-555-1080'),
(48, 'Highway Wheels', '109 Interstate Way, Dallas, TX', '214-555-1090'),
(49, 'Capital Dealers', '110 Capitol Hill Blvd, Washington, DC', '202-555-1100'),
(50, 'Rust Belt Auto Group', '111 Steel St, Detroit, MI', '313-555-1110'),
(51, 'Golden Wheels', '112 Main St, San Francisco, CA', '415-555-1120'),
(52, 'Northern Cars', '113 Maple Ave, Seattle, WA', '206-555-1130'),
(53, 'Western Auto Sales', '114 Oak St, Portland, OR', '503-555-1140'),
(54, 'Eastern Rides', '115 Broadway, Boston, MA', '617-555-1150'),
(55, 'Premier Motors', '116 Main St, Orlando, FL', '407-555-1160'),
(56, 'Elite Wheels', '117 Pine Ave, Austin, TX', '512-555-1170'),
(57, 'Metro Cars', '118 Ridge Rd, Nashville, TN', '615-555-1180'),
(58, 'Valley Auto Sales', '119 Lakeview Dr, Cleveland, OH', '216-555-1190'),
(59, 'Summit Vehicles', '120 Ocean View Rd, Las Vegas, NV', '702-555-1200'),
(60, 'Pine Dealers', '121 Magnolia St, Houston, TX', '713-555-1210');


INSERT INTO driverstown.vehicles
(vin, year, make, model, type, color, mileage, price, sold)
VALUES
(47291, 2016, 'Toyota', 'Corolla', 'Sedan', 'White', 40000, 14000, 0),
(83425, 2019, 'Honda', 'Accord', 'Sedan', 'Black', 25000, 21000, 1),
(10983, 2018, 'Ford', 'Explorer', 'SUV', 'Red', 30000, 27000, 0),
(67342, 2017, 'Chevrolet', 'Impala', 'Sedan', 'Blue', 42000, 16000, 1),
(52890, 2020, 'Tesla', 'Model Y', 'SUV', 'Silver', 15000, 45000, 0),
(39482, 2015, 'Nissan', 'Sentra', 'Sedan', 'Grey', 48000, 12000, 1),
(71025, 2018, 'Jeep', 'Cherokee', 'SUV', 'Green', 27000, 28000, 0),
(25389, 2019, 'Subaru', 'Forester', 'SUV', 'Blue', 23000, 26000, 1),
(81462, 2021, 'BMW', 'X5', 'SUV', 'Black', 12000, 55000, 0),
(34719, 2017, 'Hyundai', 'Elantra', 'Sedan', 'White', 36000, 15000, 1),
(49628, 2016, 'Kia', 'Optima', 'Sedan', 'Red', 42000, 14000, 0),
(78230, 2020, 'Mazda', 'CX-5', 'SUV', 'Grey', 16000, 30000, 0),
(60517, 2019, 'Volkswagen', 'Jetta', 'Sedan', 'White', 21000, 19000, 1),
(43981, 2018, 'Dodge', 'Ram 1500', 'Truck', 'Black', 28000, 35000, 0),
(12749, 2017, 'Ford', 'Fusion', 'Sedan', 'Blue', 40000, 14000, 1),
(56890, 2019, 'Chevrolet', 'Tahoe', 'SUV', 'Silver', 22000, 42000, 0),
(39324, 2015, 'Toyota', 'RAV4', 'SUV', 'Green', 50000, 17000, 1),
(71842, 2021, 'Tesla', 'Model S', 'Sedan', 'Red', 10000, 75000, 0),
(25438, 2016, 'Honda', 'CR-V', 'SUV', 'Blue', 45000, 19000, 1),
(86012, 2018, 'Nissan', 'Rogue', 'SUV', 'Black', 30000, 22000, 0),
(68390, 2019, 'Toyota', 'Highlander', 'SUV', 'White', 28000, 32000, 1),
(10956, 2017, 'Ford', 'Escape', 'SUV', 'Grey', 37000, 21000, 0),
(47581, 2020, 'Hyundai', 'Tucson', 'SUV', 'Red', 19000, 24000, 1),
(81273, 2018, 'Chevrolet', 'Cruze', 'Sedan', 'Black', 32000, 16000, 0),
(59734, 2016, 'Kia', 'Soul', 'SUV', 'Green', 45000, 14000, 1),
(30491, 2019, 'Mazda', 'Mazda3', 'Sedan', 'Blue', 23000, 18000, 0),
(76240, 2021, 'Tesla', 'Model X', 'SUV', 'White', 8000, 90000, 0),
(42910, 2017, 'Volkswagen', 'Passat', 'Sedan', 'Silver', 41000, 15000, 1),
(84156, 2015, 'Subaru', 'Impreza', 'Sedan', 'Red', 55000, 12000, 0),
(69320, 2019, 'Honda', 'Pilot', 'SUV', 'Grey', 26000, 35000, 1),
(12347, 2018, 'Ford', 'Mustang', 'Coupe', 'Blue', 22000, 28000, 0),
(57981, 2016, 'Chevrolet', 'Silverado', 'Truck', 'Black', 48000, 32000, 1),
(82631, 2020, 'Nissan', 'Titan', 'Truck', 'White', 17000, 35000, 0),
(39285, 2017, 'Jeep', 'Grand Cherokee', 'SUV', 'Green', 30000, 31000, 1),
(47091, 2019, 'BMW', '3 Series', 'Sedan', 'Blue', 25000, 40000, 0),
(81206, 2018, 'Hyundai', 'Santa Fe', 'SUV', 'Silver', 35000, 26000, 1),
(58349, 2015, 'Kia', 'Sportage', 'SUV', 'Red', 52000, 13000, 0),
(26017, 2017, 'Toyota', 'Prius', 'Sedan', 'White', 38000, 17000, 1),
(49082, 2019, 'Ford', 'Focus', 'Sedan', 'Grey', 21000, 15000, 0),
(73420, 2020, 'Chevrolet', 'Equinox', 'SUV', 'Blue', 15000, 27000, 1),
(67915, 2016, 'Nissan', 'Maxima', 'Sedan', 'Black', 47000, 14000, 0),
(50123, 2018, 'Subaru', 'Crosstrek', 'SUV', 'Green', 32000, 22000, 1),
(86429, 2017, 'Volkswagen', 'Golf', 'Hatchback', 'White', 39000, 16000, 0),
(72501, 2019, 'Mazda', 'CX-9', 'SUV', 'Silver', 24000, 33000, 1),
(41027, 2015, 'Honda', 'Fit', 'Hatchback', 'Blue', 52000, 11000, 0),
(83952, 2018, 'Ford', 'Edge', 'SUV', 'Red', 35000, 27000, 1),
(63471, 2020, 'Chevrolet', 'Bolt EV', 'Hatchback', 'Black', 12000, 36000, 0),
(27864, 2017, 'Jeep', 'Compass', 'SUV', 'Grey', 28000, 22000, 1),
(58291, 2019, 'Tesla', 'Model 3', 'Sedan', 'White', 17000, 40000, 0),
(43507, 2016, 'Toyota', 'Tacoma', 'Truck', 'Blue', 46000, 25000, 1),
(79426, 2018, 'Honda', 'Odyssey', 'Van', 'Silver', 33000, 30000, 0),
(51682, 2017, 'Ford', 'Transit', 'Van', 'White', 40000, 28000, 1),
(39018, 2019, 'Chevrolet', 'Colorado', 'Truck', 'Black', 22000, 27000, 0),
(64092, 2015, 'Nissan', 'Frontier', 'Truck', 'Red', 48000, 21000, 1),
(75824, 2016, 'Mazda', 'MX-5 Miata', 'Convertible', 'Green', 45000, 21000, 0),
(82356, 2018, 'Hyundai', 'Accent', 'Sedan', 'Blue', 35000, 13000, 1),
(10974, 2020, 'Kia', 'Forte', 'Sedan', 'White', 16000, 18000, 0),
(47503, 2017, 'Volkswagen', 'Tiguan', 'SUV', 'Silver', 37000, 25000, 1),
(71385, 2019, 'Subaru', 'Legacy', 'Sedan', 'Grey', 23000, 21000, 0),
(38046, 2016, 'Toyota', 'Avalon', 'Sedan', 'Black', 42000, 22000, 1),
(82791, 2018, 'Ford', 'Ranger', 'Truck', 'Blue', 33000, 25000, 0),
(59124, 2020, 'Honda', 'HR-V', 'SUV', 'White', 14000, 22000, 1),
(46329, 2017, 'Chevrolet', 'Trailblazer', 'SUV', 'Red', 39000, 24000, 0),
(80562, 2015, 'Nissan', 'Juke', 'SUV', 'Green', 52000, 14000, 1),
(27048, 2019, 'Jeep', 'Renegade', 'SUV', 'Silver', 21000, 26000, 0),
(65471, 2018, 'Mazda', 'CX-3', 'SUV', 'Blue', 35000, 22000, 1),
(43290, 2021, 'Tesla', 'Model Y', 'SUV', 'Black', 8000, 48000, 0),
(79134, 2016, 'Hyundai', 'Kona', 'SUV', 'White', 44000, 21000, 1),
(50678, 2017, 'Ford', 'Mustang', 'Coupe', 'Red', 37000, 28000, 0),
(68420, 2019, 'Chevrolet', 'Camaro', 'Coupe', 'Yellow', 20000, 32000, 1),
(35172, 2018, 'Honda', 'Insight', 'Sedan', 'Grey', 32000, 21000, 0),
(72849, 2020, 'Toyota', 'Sienna', 'Van', 'White', 15000, 32000, 1),
(48962, 2015, 'Volkswagen', 'Atlas', 'SUV', 'Black', 50000, 24000, 0),
(83579, 2016, 'Nissan', 'Leaf', 'Hatchback', 'Blue', 47000, 15000, 1),
(67358, 2019, 'Subaru', 'Ascent', 'SUV', 'Silver', 22000, 34000, 0),
(50412, 2017, 'Ford', 'Expedition', 'SUV', 'Red', 36000, 40000, 1),
(34925, 2018, 'Chevrolet', 'Bolt EV', 'Hatchback', 'White', 28000, 31000, 0),
(78123, 2020, 'Tesla', 'Model 3', 'Sedan', 'Black', 18000, 43000, 1),
(42835, 2016, 'Honda', 'Accord', 'Sedan', 'Blue', 46000, 16000, 0),
(80974, 2019, 'Toyota', 'Camry', 'Sedan', 'Grey', 24000, 21000, 1),
(56193, 2017, 'Ford', 'F-150', 'Truck', 'Black', 40000, 28000, 0),
(39485, 2018, 'Jeep', 'Wrangler', 'SUV', 'Green', 35000, 32000, 1),
(72409, 2021, 'BMW', 'X3', 'SUV', 'White', 11000, 54000, 0),
(28657, 2015, 'Mazda', 'CX-5', 'SUV', 'Red', 52000, 17000, 1),
(58390, 2016, 'Kia', 'Sorento', 'SUV', 'Blue', 48000, 18000, 0),
(67214, 2019, 'Hyundai', 'Tucson', 'SUV', 'Black', 23000, 25000, 1),
(43018, 2017, 'Volkswagen', 'Golf', 'Hatchback', 'Silver', 37000, 19000, 0),
(71945, 2018, 'Subaru', 'Outback', 'SUV', 'Green', 33000, 24000, 1),
(53829, 2020, 'Tesla', 'Model X', 'SUV', 'White', 15000, 80000, 0),
(48726, 2016, 'Toyota', 'RAV4', 'SUV', 'Blue', 46000, 19000, 1);

INSERT INTO driverstown.inventory 
(dealership_id, vin) 
VALUES
(1, 47291),
(2, 83425),
(3, 10983),
(4, 67342),
(5, 52890),
(6, 39482),
(7, 71025),
(8, 25389),
(9, 81462),
(10, 34719),
(11, 49628),
(12, 78230),
(13, 60517),
(14, 43981),
(15, 12749),
(16, 56890),
(17, 39324),
(18, 71842),
(19, 25438),
(20, 86012),
(21, 68390),
(22, 10956),
(23, 47581),
(24, 81273),
(25, 59734),
(26, 30491),
(27, 76240),
(28, 42910),
(29, 84156),
(30, 69320),
(31, 12347),
(32, 57981),
(33, 82631),
(34, 39285),
(35, 47091),
(36, 81206),
(37, 58349),
(38, 26017),
(39, 49082),
(40, 73420),
(41, 67915),
(42, 50123),
(43, 86429),
(44, 72501),
(45, 41027),
(46, 83952),
(47, 63471),
(48, 27864),
(49, 58291),
(50, 43507),
(51, 79426),
(52, 51682),
(53, 39018),
(54, 64092),
(55, 75824),
(56, 82356),
(57, 10974),
(58, 47503),
(59, 71385),
(60, 38046),
(1, 82791),
(2, 59124),
(3, 46329),
(4, 80562),
(5, 27048),
(6, 65471),
(7, 43290),
(8, 79134),
(9, 50678),
(10, 68420),
(11, 35172),
(12, 72849),
(13, 48962),
(14, 83579),
(15, 67358),
(16, 50412),
(17, 34925),
(18, 78123),
(19, 42835),
(20, 80974),
(21, 56193),
(22, 39485),
(23, 72409),
(24, 28657),
(25, 58390),
(26, 67214),
(27, 43018),
(28, 71945),
(29, 53829),
(30, 48726),
(31, 59017),
(32, 47368),
(33, 82401),
(34, 39071),
(35, 56142),
(36, 71983),
(37, 65214),
(38, 47893),
(39, 73019),
(40, 59482);


INSERT INTO driverstown.sales_contract 
(thedate, name, email, id, vin, sales_tax, recording_fee, processingFee,financed, monthly_payment) 
VALUES
('2020-03-15', 'Alice Johnson', 'alice.johnson@example.com', 101, 83425, 1, 350.00),
('2020-07-22', 'Bob Smith', 'bob.smith@example.com', 102, 67342, 0, 320.00),
('2020-11-05', 'Carla Reyes', 'carla.reyes@example.com', 103, 39482, 1, 400.00),
('2020-01-29', 'David Lee', 'david.lee@example.com', 104, 25389, 0, 300.00),
('2020-12-18', 'Emma Davis', 'emma.davis@example.com', 105, 34719, 1, 375.00),
('2021-04-08', 'Frank Brown', 'frank.brown@example.com', 106, 60517, 0, 0.00),
('2021-08-14', 'Grace Kim', 'grace.kim@example.com', 107, 12749, 1, 350.00),
('2021-02-23', 'Henry Clark', 'henry.clark@example.com', 108, 39324, 0, 300.00),
('2021-09-30', 'Isabella Martinez', 'isabella.martinez@example.com', 109, 25438, 1, 400.00),
('2021-06-17', 'Jack Wilson', 'jack.wilson@example.com', 110, 68390, 0, 0.00),
('2022-05-03', 'Karen White', 'karen.white@example.com', 111, 47581, 1, 375.00),
('2022-07-20', 'Liam Thompson', 'liam.thompson@example.com', 112, 59734, 0, 300.00),
('2022-03-11', 'Mia Rodriguez', 'mia.rodriguez@example.com', 113, 42910, 1, 350.00),
('2022-11-25', 'Nathan Walker', 'nathan.walker@example.com', 114, 69320, 0, 0.00),
('2022-01-14', 'Olivia Hernandez', 'olivia.hernandez@example.com', 115, 57981, 1, 400.00),
('2023-04-28', 'Paul Green', 'paul.green@example.com', 116, 39285, 0, 300.00),
('2023-10-16', 'Quinn Baker', 'quinn.baker@example.com', 117, 81206, 1, 350.00),
('2023-08-22', 'Rachel Adams', 'rachel.adams@example.com', 118, 26017, 0, 0.00),
('2023-02-05', 'Sam Nelson', 'sam.nelson@example.com', 119, 73420, 1, 375.00),
('2023-06-30', 'Tina Brown', 'tina.brown@example.com', 120, 50123, 0, 300.00),
('2024-01-12', 'Uma Davis', 'uma.davis@example.com', 121, 72501, 1, 400.00),
('2024-07-19', 'Victor Lee', 'victor.lee@example.com', 122, 83952, 0, 0.00),
('2024-03-27', 'Wendy Carter', 'wendy.carter@example.com', 123, 27864, 1, 350.00),
('2024-09-09', 'Xander Fox', 'xander.fox@example.com', 124, 43507, 0, 300.00),
('2024-05-21', 'Yara Patel', 'yara.patel@example.com', 125, 51682, 1, 375.00),
('2025-02-02', 'Zane Murphy', 'zane.murphy@example.com', 126, 64092, 0, 0.00),
('2025-06-11', 'Amy Lopez', 'amy.lopez@example.com', 127, 82356, 1, 400.00),
('2025-04-15', 'Brian Cox', 'brian.cox@example.com', 128, 47503, 0, 300.00),
('2025-01-29', 'Cindy Price', 'cindy.price@example.com', 129, 38046, 1, 350.00),
('2025-07-04', 'Derek Young', 'derek.young@example.com', 130, 59124, 0, 0.00),
('2025-03-18', 'Ella Shaw', 'ella.shaw@example.com', 131, 80562, 1, 375.00),
('2025-08-07', 'Felix Turner', 'felix.turner@example.com', 132, 65471, 0, 300.00),
('2025-05-20', 'Gina Morris', 'gina.morris@example.com', 133, 79134, 1, 400.00),
('2025-06-28', 'Harry Bell', 'harry.bell@example.com', 134, 68420, 0, 0.00),
('2025-04-01', 'Ivy Allen', 'ivy.allen@example.com', 135, 72849, 1, 350.00),
('2025-02-16', 'James Scott', 'james.scott@example.com', 136, 83579, 0, 300.00),
('2025-07-21', 'Kara Evans', 'kara.evans@example.com', 137, 50412, 1, 375.00),
('2025-03-05', 'Leo Flores', 'leo.flores@example.com', 138, 78123, 0, 0.00),
('2025-05-30', 'Maya Reed', 'maya.reed@example.com', 139, 80974, 1, 400.00),
('2025-01-18', 'Noah James', 'noah.james@example.com', 140, 39485, 0, 300.00),
('2025-04-23', 'Olga Ward', 'olga.ward@example.com', 141, 28657, 1, 350.00),
('2025-06-09', 'Pete Collins', 'pete.collins@example.com', 142, 67214, 0, 0.00),
('2025-02-27', 'Quincy Brooks', 'quincy.brooks@example.com', 143, 71945, 1, 375.00),
('2025-07-13', 'Rita Kelly', 'rita.kelly@example.com', 144, 48726, 0, 300.00);


delete from sales_contract 



INSERT INTO driverstown.sales_contract
(date_sold, customer_name, customer_email, id, vin, sales_tax, recording_fee, processingfee, financed, monthly_payment)
VALUES
("2023-07-24", "Taylor Smith", "taylorsmith@example.com", 2000, 83425, 1680.00, 150.00, 200.00, 1, 383.83),
("2024-03-25", "Morgan Anderson", "morgananderson@example.com", 2001, 67342, 1280.00, 150.00, 200.00, 0, 0.00),
("2023-03-26", "Jordan Thomas", "jordanthomas@example.com", 2002, 39482, 960.00, 150.00, 200.00, 1, 221.83),
("2022-04-04", "Casey Smith", "caseysmith@example.com", 2003, 25389, 2080.00, 150.00, 200.00, 0, 0.00),
("2023-11-09", "Chris Davis", "chrisdavis@example.com", 2004, 34719, 1200.00, 150.00, 200.00, 1, 277.50),
("2022-10-26", "Dana Jackson", "danajackson@example.com", 2005, 60517, 1520.00, 150.00, 200.00, 0, 0.00),
("2024-08-03", "Sam Johnson", "samjohnson@example.com", 2006, 12749, 1120.00, 150.00, 200.00, 1, 259.00),
("2023-05-15", "Alex Moore", "alexmoore@example.com", 2007, 39324, 1360.00, 150.00, 200.00, 0, 0.00),
("2024-01-07", "John Anderson", "johnanderson@example.com", 2008, 25438, 1520.00, 150.00, 200.00, 1, 351.67),
("2024-09-19", "Jane Brown", "janebrown@example.com", 2009, 68390, 2560.00, 150.00, 200.00, 0, 0.00),
("2024-08-15", "Morgan Davis", "morgandavis@example.com", 2010, 47581, 1920.00, 150.00, 200.00, 1, 444.00),
("2023-01-12", "Jordan Smith", "jordansmith@example.com", 2011, 59734, 1120.00, 150.00, 200.00, 0, 0.00),
("2023-10-01", "Taylor Thomas", "taylorthomas@example.com", 2012, 42910, 1200.00, 150.00, 200.00, 1, 277.50),
("2022-11-11", "Chris Miller", "chrismiller@example.com", 2013, 69320, 2800.00, 150.00, 200.00, 0, 0.00),
("2024-04-26", "Jane Wilson", "janewilson@example.com", 2014, 57981, 2560.00, 150.00, 200.00, 1, 591.67),
("2022-09-15", "Casey Davis", "caseydavis@example.com", 2015, 39285, 2480.00, 150.00, 200.00, 0, 0.00),
("2024-02-17", "Taylor Moore", "taylormoore@example.com", 2016, 81206, 2080.00, 150.00, 200.00, 1, 479.33),
("2023-08-21", "Alex Johnson", "alexjohnson@example.com", 2017, 26017, 1360.00, 150.00, 200.00, 0, 0.00),
("2022-05-04", "Dana Brown", "danabrown@example.com", 2018, 73420, 2160.00, 150.00, 200.00, 1, 497.67),
("2023-06-03", "Sam Smith", "samsmith@example.com", 2019, 50123, 1760.00, 150.00, 200.00, 0, 0.00),
("2024-05-25", "John Thomas", "johnthomas@example.com", 2020, 72501, 2640.00, 150.00, 200.00, 1, 610.00),
("2023-04-11", "Chris Smith", "chrissmith@example.com", 2021, 83952, 2160.00, 150.00, 200.00, 0, 0.00),
("2023-12-18", "Morgan Miller", "morganmiller@example.com", 2022, 27864, 1760.00, 150.00, 200.00, 1, 406.67),
("2024-10-04", "Jordan Wilson", "jordanwilson@example.com", 2023, 43507, 2000.00, 150.00, 200.00, 0, 0.00),
("2024-11-07", "Taylor Anderson", "tayloranderson@example.com", 2024, 51682, 2240.00, 150.00, 200.00, 1, 518.33),
("2022-06-30", "Casey Moore", "caseymoore@example.com", 2025, 64092, 1680.00, 150.00, 200.00, 0, 0.00),
("2022-07-23", "Jane Johnson", "janejohnson@example.com", 2026, 82356, 1040.00, 150.00, 200.00, 1, 237.67),
("2023-09-01", "Alex Brown", "alexbrown@example.com", 2027, 47503, 2000.00, 150.00, 200.00, 0, 0.00),
("2022-08-28", "Dana Smith", "danasmith@example.com", 2028, 38046, 1760.00, 150.00, 200.00, 1, 406.67),
("2023-02-05", "Sam Davis", "samdavis@example.com", 2029, 59124, 1760.00, 150.00, 200.00, 0, 0.00),
("2022-03-09", "John Miller", "johnmiller@example.com", 2030, 80562, 1120.00, 150.00, 200.00, 1, 255.00),
("2022-12-25", "Chris Wilson", "chriswilson@example.com", 2031, 65471, 1760.00, 150.00, 200.00, 0, 0.00),
("2023-07-03", "Taylor Jackson", "taylorjackson@example.com", 2032, 79134, 1680.00, 150.00, 200.00, 1, 406.67),
("2024-06-15", "Morgan Anderson", "morgananderson@example.com", 2033, 68420, 2560.00, 150.00, 200.00, 0, 0.00)


INSERT INTO driverstown.lease_contract
(date_sold, customer_name, customer_email, id, vin, total_Vehicle_Price, monthly_payment)
VALUES
("2023-10-30", "Jordan Thomas", "jordanthomas@example.com", 2034, 72849, 2560.00, 591.67),
("2023-01-18", "Casey Smith", "caseysmith@example.com", 2035, 83579, 1200.00, 0.00),
("2023-06-21", "Taylor Moore", "taylormoore@example.com", 2036, 50412, 3200.00, 720.00),
("2024-01-29", "Chris Johnson", "chrisjohnson@example.com", 2037, 78123, 3440.00, 0.00),
("2022-05-12", "Jane Davis", "janedavis@example.com", 2038, 80974, 1680.00, 406.67),
("2024-03-01", "Sam Smith", "samsmith@example.com", 2039, 39485, 2560.00, 0.00),
("2023-11-22", "John Brown", "johnbrown@example.com", 2040, 28657, 1360.00, 397.67),
("2024-08-07", "Alex Moore", "alexmoore@example.com", 2041, 67214, 2000.00, 0.00),
("2023-08-27", "Jordan Johnson", "jordanjohnson@example.com", 2042, 71945, 1920.00, 462.00),
("2023-04-14", "Casey Thomas", "caseythomas@example.com", 2043, 48726, 1520.00, 0.00);
